{
  "split": "Test",
  "loss": 0.4278457979849617,
  "accuracy": 0.8716,
  "f1_score": 0.8710321770925122,
  "precision": 0.877627262492964,
  "recall": 0.8716,
  "classification_report": {
    "Negative": {
      "precision": 0.9252767527675276,
      "recall": 0.8069187449718423,
      "f1-score": 0.8620541469703481,
      "support": 1243.0
    },
    "Positive": {
      "precision": 0.8305084745762712,
      "recall": 0.9355608591885441,
      "f1-score": 0.8799102132435466,
      "support": 1257.0
    },
    "accuracy": 0.8716,
    "macro avg": {
      "precision": 0.8778926136718994,
      "recall": 0.8712398020801932,
      "f1-score": 0.8709821801069473,
      "support": 2500.0
    },
    "weighted avg": {
      "precision": 0.877627262492964,
      "recall": 0.8716,
      "f1-score": 0.8710321770925122,
      "support": 2500.0
    }
  },
  "total_params": 1235818498,
  "trainable_params": 505960450,
  "confusion_matrix": [
    [
      1003,
      240
    ],
    [
      81,
      1176
    ]
  ]
}